company_name,arabic_name,sector,sub_sector,city,country,website,email,phone,linkedin_url,employees,founded_year,description,tags,email_subject,email_body,campaign_goal,suggested_service
Almarai Company,nan,Consumer Staples,"Dairy, Juices, Bakery, Poultry — Food & Beverage",Riyadh,,www.almarai.com,,,,"40,000+",nan,"The largest vertically integrated dairy food and beverage company in the world, producing dairy products, juices, bakery items, and poultry. Listed on Saudi Stock Exchange (Tadawul).",,Enhancing Almarai's Operational Efficiency with AI Automation,"Dear Almarai Team,

I hope this message finds you well. As the largest vertically integrated dairy food and beverage company in the world, Almarai plays a pivotal role in the consumer staples sector. At BeamData, we specialize in AI automation and data analytics that can help streamline operations and enhance productivity across your diverse product lines, including dairy, juices, bakery, and poultry.

I would love to schedule a short meeting to discuss how our solutions can support Almarai in achieving its operational goals and maintaining its leadership in the market.

Looking forward to your response.

Best regards,

BeamData Team",schedule a short meeting,AI automation
Tanmiah Food Company,nan,Consumer Staples,Poultry — Food & Beverage,Riyadh,,www.tanmiah.com,,,,"5,000–10,000",nan,"A premium Saudi poultry producer raising cage-free, hormone-free, corn-fed chickens. One of the leading poultry brands in Saudi Arabia listed on Tadawul.",,Enhancing Tanmiah Food Company's Operations with AI Automation,"Dear Tanmiah Food Company Team,

I hope this message finds you well. As a leading poultry producer in Saudi Arabia, your commitment to raising premium, cage-free, hormone-free chickens is commendable. At BeamData, we specialize in AI automation and data analytics tailored for the consumer staples sector. 

I believe our solutions can help streamline your operations and enhance your data-driven decision-making processes. I would love to schedule a short meeting to discuss how we can support Tanmiah Food Company in achieving its goals.

Looking forward to your response.

Best regards,

BeamData Team",Schedule a short meeting,AI automation
NADEC (National Agricultural Development Company),الشركة الوطنية للتنمية الزراعية,Consumer Staples,Dairy & Agricultural Products,Riyadh,,nadec.com.sa,,,,"5,000–10,000",1981.0,"NADEC is one of Saudi Arabia's largest integrated agricultural and food production companies, specializing in dairy products, juices, and crop farming. The company operates vast farmlands and modern processing facilities across the Kingdom.",,Enhancing NADEC's Operational Efficiency with AI Automation,"Dear NADEC Team,

I hope this message finds you well. As one of Saudi Arabia's leading agricultural and food production companies, NADEC's commitment to quality in dairy products and agricultural outputs is commendable. At BeamData, we specialize in AI automation and data analytics, tailored to enhance operational efficiency in the consumer staples sector.

We understand the complexities involved in managing vast farmlands and processing facilities, and we believe our solutions can help streamline your processes and improve productivity.

I would love to schedule a short meeting to discuss how we can support NADEC in achieving its operational goals. Please let me know your availability.

Best regards,

BeamData Team",schedule a short meeting,AI automation
Agthia Group,مجموعة أغذية,Consumer Staples,Packaged Food & Beverages,Riyadh,,agthia.com,,,,"6,000+",2004.0,"Agthia Group is a leading GCC food and beverage conglomerate with significant operations in Saudi Arabia, offering trusted brands in water, beverages, protein foods, and snacks. The company focuses on sustainable growth and innovation across multiple consumer categories.",,Enhancing Agthia Group's Innovation with AI Automation,"Dear Agthia Group Team,

I hope this message finds you well. As a leading player in the packaged food and beverages sector, Agthia Group has made remarkable strides in delivering trusted brands across the GCC. At BeamData, we understand the importance of sustainable growth and innovation in your industry.

We specialize in AI automation and data analytics, which can help streamline your operations and enhance decision-making processes. I would love to schedule a short meeting to discuss how our solutions can support Agthia Group's objectives and contribute to your continued success.

Looking forward to the opportunity to connect.

Best regards,

BeamData Team",schedule a short meeting,AI automation
SASCO (Saudi Automotive Services Company),شركة خدمات السيارات السعودية,Consumer Staples,Food Retail & Convenience Services,Riyadh,,sasco.com.sa,,,,"1,000–3,000",1981.0,"SASCO is a Saudi Arabian company operating an integrated network of petrol stations combined with food retail outlets, restaurants, and convenience stores across the Kingdom. The company provides food and beverage services to travelers and motorists at its highway and urban locations.",,Enhancing SASCO's Operational Efficiency with AI Automation,"Dear SASCO Team,

I hope this message finds you well. My name is [Your Name] from BeamData, and I wanted to reach out to discuss how our AI automation and data analytics solutions can enhance the operational efficiency of SASCO's integrated network of petrol stations and food retail outlets.

Given your commitment to providing exceptional food and beverage services to travelers and motorists across the Kingdom, we believe our services can help streamline your processes and improve customer satisfaction.

Would you be available for a brief meeting next week to explore this further?

Best regards,
[Your Name]
BeamData Team",schedule a short meeting,AI automation
Carrefour Saudi Arabia (Majid Al Futtaim),كارفور السعودية,Consumer Staples,Hypermarkets & Supermarkets,Riyadh,,carrefourksa.com,,,,"5,000–10,000",1999.0,"Carrefour Saudi Arabia operates hypermarkets and supermarkets throughout the Kingdom under a franchise agreement with Majid Al Futtaim. It offers a vast selection of food, groceries, electronics, and apparel, serving millions of customers in Riyadh, Jeddah, and other major Saudi cities. The brand is among the top grocery retailers in the GCC region.",,Unlocking Efficiency for Carrefour Saudi Arabia,"Dear Carrefour Team,

I hope this message finds you well. As a leading player in the hypermarkets and supermarkets sector, Carrefour Saudi Arabia has set a benchmark in providing a vast selection of products to millions of customers across the Kingdom. At BeamData, we understand the unique challenges faced by retailers in the consumer staples industry.

We specialize in AI automation and data analytics, designed to enhance operational efficiency and customer insights. I would love to schedule a short meeting to discuss how our solutions can support Carrefour in optimizing your operations and driving growth.

Looking forward to your response.

Best regards,

The BeamData Team",Schedule a short meeting,AI automation and Data analytics
Lulu Hypermarket Saudi Arabia,هايبر لولو السعودية,Consumer Staples,Hypermarkets & Supermarkets,Riyadh,,luluhypermarket.com,,,,"5,000–10,000",2000.0,"Lulu Hypermarket is a leading retail chain in Saudi Arabia operated by the UAE-based LuLu Group International, with numerous large-format stores across Riyadh, Jeddah, and other cities. The chain is popular for its extensive product range covering groceries, electronics, clothing, and fresh food at competitive prices. Lulu is one of the most visited hypermarket destinations among both Saudi families and expatriates.",,Enhancing Lulu Hypermarket's Operations with AI Automation,"Dear Lulu Hypermarket Team,

I hope this message finds you well. As a leading retail chain in Saudi Arabia, Lulu Hypermarket's commitment to providing an extensive range of products at competitive prices is truly commendable. At BeamData, we specialize in AI automation and data analytics tailored for the retail sector, which could help streamline your operations and enhance customer satisfaction.

I would love to schedule a short meeting to discuss how our solutions can support Lulu Hypermarket in maintaining its position as a top destination for families and expatriates in Saudi Arabia.

Looking forward to your response.

Best regards,

The BeamData Team",Schedule a short meeting,AI automation
Othaim Markets,أسواق العثيم,Consumer Staples,Supermarkets & Grocery Retail,Riyadh,,othaimmarkets.com,,,,"5,000–10,000",1994.0,"Othaim Markets is a major Saudi grocery retail chain and a leading player in the Kingdom's supermarket sector, operating hundreds of stores nationwide. Listed on the Saudi Stock Exchange (Tadawul), the company is known for offering high-quality products at affordable prices and delivering innovative shopping experiences. It serves millions of customers across Saudi Arabia with a strong focus on customer care.",,Enhancing Customer Experience at Othaim Markets,"Dear Othaim Markets Team,

I hope this message finds you well. As a leading player in the Saudi supermarket sector, your commitment to high-quality products and innovative shopping experiences is truly commendable. At BeamData, we specialize in AI automation and data analytics, which can further enhance your customer care initiatives and streamline operations across your hundreds of stores.

I would love to schedule a short meeting to discuss how our solutions can support Othaim Markets in delivering even more exceptional experiences to your millions of customers. 

Looking forward to the opportunity to connect.

Best regards,

The BeamData Team",schedule a short meeting,AI automation and Data analytics
Farm Superstores,أسواق فارم,Consumer Staples,Supermarkets & Grocery Retail,Riyadh,,farmstores.com.sa,,,,"1,000–5,000",1991.0,"Farm Superstores is a Saudi retail grocery chain offering a wide selection of fresh produce, food products, and household essentials across multiple locations in the Kingdom. Known for its focus on fresh and organic produce, Farm Superstores caters to health-conscious shoppers and families. The chain operates primarily in major urban centers including Riyadh and the Eastern Province.",,Enhancing Efficiency at Farm Superstores with AI Solutions,"Dear Farm Superstores Team,

I hope this message finds you well. My name is [Your Name] from BeamData, and I wanted to reach out to discuss how our AI automation and data analytics solutions can help Farm Superstores optimize operations and enhance customer experience in your supermarkets and grocery retail sector.

Given your commitment to providing fresh and organic produce to health-conscious shoppers, our technology could streamline your inventory management and improve decision-making processes. I would love to schedule a short meeting to explore how we can support your goals.

Looking forward to your response.

Best regards,
[Your Name]
BeamData Team",schedule a short meeting,AI automation and Data analytics
NAQI Cosmetics,ناقي,Consumer Staples,Personal Care & Skincare,Riyadh,,naqi.com,,,,50–200,2010.0,NAQI is a Saudi-based cosmetic and functional skincare brand offering a wide range of personal care products. The company also provides personalized private label manufacturing services for businesses. NAQI blends modern formulations with regional market preferences across the GCC.,,Enhancing NAQI Cosmetics' Growth with AI Automation,"Dear NAQI Team,

I hope this message finds you well. My name is [Your Name] from BeamData, and I am reaching out to explore how our AI automation and data analytics services can support NAQI Cosmetics in optimizing your personal care and skincare offerings.

Given your commitment to blending modern formulations with regional market preferences, we believe our solutions can enhance your operational efficiency and drive customer engagement.

I would love to schedule a short meeting to discuss how we can collaborate to further elevate your brand's impact in the GCC market.

Looking forward to your response.

Best regards,
[Your Name]
BeamData Team",Schedule a short meeting,AI automation
International Personal Care (IPC Saudi Arabia),الشركة الدولية للعناية الشخصية,Consumer Staples,Personal Care Products,Riyadh,,ipc.com.sa,,,,50–200,nan,"IPC Saudi Arabia is a personal care company operating in the Kingdom, offering a range of integrated services and products in the consumer hygiene and care segment. The company serves both retail and institutional clients across Saudi Arabia. It focuses on product planning, supply, and logistics for the personal care industry.",,Enhancing IPC's Personal Care Solutions with AI Automation,"Dear IPC Saudi Arabia Team,

I hope this message finds you well. As a leader in the personal care products sector, we understand the importance of efficient product planning, supply, and logistics in serving your retail and institutional clients.

At BeamData, we specialize in AI automation and data analytics tailored for the consumer hygiene and care segment. Our solutions can help streamline your operations, enhance decision-making, and ultimately elevate your service offerings.

I would love to schedule a short meeting to discuss how we can support IPC in achieving its goals. Please let me know your availability.

Best regards,

The BeamData Team",schedule a short meeting,AI automation
Al Babtain Group,مجموعة البابطين,Consumer Staples,Household & Consumer Products,Riyadh,,albabtain.com.sa,,,,"1,000–5,000",1955.0,"Al Babtain Group is a long-established Saudi conglomerate with diversified interests including consumer goods, household products, and retail distribution. The group represents and distributes several international consumer staples brands across the Kingdom. It operates through multiple subsidiaries covering automotive, electronics, and FMCG consumer products.",,Enhancing Operational Efficiency at Al Babtain Group,"Dear Al Babtain Group Team,

I hope this message finds you well. My name is [Your Name] from the BeamData Team. We specialize in AI automation and data analytics solutions tailored for the consumer staples sector, particularly in household and consumer products.

Given Al Babtain Group's esteemed position in distributing international consumer brands and your extensive experience since 1955, I believe our services could significantly enhance your operational efficiency and decision-making processes.

I would love the opportunity to discuss how we can support your goals and explore potential collaboration. Would you be available for a brief meeting next week?

Looking forward to your response.

Best regards,
[Your Name]  
BeamData Team",schedule a short meeting,AI automation and data analytics
Niza Group,مجموعة نيزا,Consumer Staples,Personal Care & Household Cleaning Products,Riyadh,,nizagroup.com,,,,200–500,nan,"Niza Group is a Saudi company engaged in the manufacturing and marketing of personal care and household cleaning products. The company targets both retail and B2B markets across the Kingdom with a range of hygiene, cleaning, and grooming product lines. Niza Group leverages local production capabilities to cater to the growing demand for affordable consumer staples in Saudi Arabia.",,Enhancing Niza Group's Operational Efficiency with AI Automation,"Dear Niza Group Team,

I hope this message finds you well. As a leader in the personal care and household cleaning products sector, Niza Group plays a vital role in meeting the growing demand for affordable consumer staples in Saudi Arabia. At BeamData, we understand the unique challenges you face in manufacturing and marketing these essential products.

We specialize in AI automation and data analytics solutions that can streamline your operations, enhance product development, and improve market insights. I would love the opportunity to discuss how our services can support Niza Group in achieving its business objectives.

Could we schedule a brief meeting to explore this further?

Best regards,

The BeamData Team",schedule a short meeting,AI automation
